,0
0c790db61dab44e3bd7eef87771c78a7,/Users/damian/.objaverse/hf-objaverse-v1/glbs/000-039/0c790db61dab44e3bd7eef87771c78a7.glb
08d23d386ea54399bf56e5f01a392674,/Users/damian/.objaverse/hf-objaverse-v1/glbs/000-039/08d23d386ea54399bf56e5f01a392674.glb
ee3b649aa5ad4cda9580dc3f4a32bba9,/Users/damian/.objaverse/hf-objaverse-v1/glbs/000-039/ee3b649aa5ad4cda9580dc3f4a32bba9.glb
17ab00cb733443a2b552a2b620a68087,/Users/damian/.objaverse/hf-objaverse-v1/glbs/000-039/17ab00cb733443a2b552a2b620a68087.glb
0feee3cfec1142499c2c6ae2b82e443e,/Users/damian/.objaverse/hf-objaverse-v1/glbs/000-142/0feee3cfec1142499c2c6ae2b82e443e.glb
d44124e0b2b9435cada8949d4f445b3a,/Users/damian/.objaverse/hf-objaverse-v1/glbs/000-142/d44124e0b2b9435cada8949d4f445b3a.glb
4b21aa9e643c4987a373d37eadffa464,/Users/damian/.objaverse/hf-objaverse-v1/glbs/000-144/4b21aa9e643c4987a373d37eadffa464.glb
6f0e8b216aa24776a8ea7a859afa980c,/Users/damian/.objaverse/hf-objaverse-v1/glbs/000-154/6f0e8b216aa24776a8ea7a859afa980c.glb
62bf8ec7430c45a98ed355b80345f607,/Users/damian/.objaverse/hf-objaverse-v1/glbs/000-065/62bf8ec7430c45a98ed355b80345f607.glb
97174d7983df428ba767514e9e10a475,/Users/damian/.objaverse/hf-objaverse-v1/glbs/000-155/97174d7983df428ba767514e9e10a475.glb
586dafbbfeec44548a365918a47df175,/Users/damian/.objaverse/hf-objaverse-v1/glbs/000-053/586dafbbfeec44548a365918a47df175.glb
0d4592517dd0436a8c9bcddb63099659,/Users/damian/.objaverse/hf-objaverse-v1/glbs/000-101/0d4592517dd0436a8c9bcddb63099659.glb
0a16b108ac79488f99c7cbde13925aa7,/Users/damian/.objaverse/hf-objaverse-v1/glbs/000-131/0a16b108ac79488f99c7cbde13925aa7.glb
76e5c63c28ee46f8a08650d9540d1609,/Users/damian/.objaverse/hf-objaverse-v1/glbs/000-131/76e5c63c28ee46f8a08650d9540d1609.glb
2b5531bc412542e9b4cdb2753a28fb9b,/Users/damian/.objaverse/hf-objaverse-v1/glbs/000-079/2b5531bc412542e9b4cdb2753a28fb9b.glb
50d00dc77b8a493fa447235da2ea0c07,/Users/damian/.objaverse/hf-objaverse-v1/glbs/000-079/50d00dc77b8a493fa447235da2ea0c07.glb
8d43846e85c749ccbc43991ef90af168,/Users/damian/.objaverse/hf-objaverse-v1/glbs/000-079/8d43846e85c749ccbc43991ef90af168.glb
eaa68bd6375048eb8f159a7f36ae7cc2,/Users/damian/.objaverse/hf-objaverse-v1/glbs/000-052/eaa68bd6375048eb8f159a7f36ae7cc2.glb
3c22d7f115a0446c8111e7bb8d45dfb3,/Users/damian/.objaverse/hf-objaverse-v1/glbs/000-052/3c22d7f115a0446c8111e7bb8d45dfb3.glb
94aa63eb26684465825f86062d82edea,/Users/damian/.objaverse/hf-objaverse-v1/glbs/000-052/94aa63eb26684465825f86062d82edea.glb
365bd8d9eb4846faa81118b1f7587df9,/Users/damian/.objaverse/hf-objaverse-v1/glbs/000-072/365bd8d9eb4846faa81118b1f7587df9.glb
0f35b95712d44704a5521829a5ebdb42,/Users/damian/.objaverse/hf-objaverse-v1/glbs/000-072/0f35b95712d44704a5521829a5ebdb42.glb
f3a18faf9f264eaf8e69caea6a8d174b,/Users/damian/.objaverse/hf-objaverse-v1/glbs/000-017/f3a18faf9f264eaf8e69caea6a8d174b.glb
6d2f4d3e392d4319926bfb178d9de302,/Users/damian/.objaverse/hf-objaverse-v1/glbs/000-077/6d2f4d3e392d4319926bfb178d9de302.glb
e3bf7751e01e4dfb9db33f9a48f04c49,/Users/damian/.objaverse/hf-objaverse-v1/glbs/000-077/e3bf7751e01e4dfb9db33f9a48f04c49.glb
75647cd8b30548a9af8de5bd07446b16,/Users/damian/.objaverse/hf-objaverse-v1/glbs/000-066/75647cd8b30548a9af8de5bd07446b16.glb
9894ad05cba6453383ca1a1f907d5bae,/Users/damian/.objaverse/hf-objaverse-v1/glbs/000-099/9894ad05cba6453383ca1a1f907d5bae.glb
1898d80f359d46f898b4f81b37312a32,/Users/damian/.objaverse/hf-objaverse-v1/glbs/000-114/1898d80f359d46f898b4f81b37312a32.glb
46f6b1cd2d7846a7b9a26b6e4f12e38d,/Users/damian/.objaverse/hf-objaverse-v1/glbs/000-047/46f6b1cd2d7846a7b9a26b6e4f12e38d.glb
a18eacf25ab74cfa9d2097755ae52c4c,/Users/damian/.objaverse/hf-objaverse-v1/glbs/000-049/a18eacf25ab74cfa9d2097755ae52c4c.glb
cbc154c33969481b8c04389b8c396948,/Users/damian/.objaverse/hf-objaverse-v1/glbs/000-107/cbc154c33969481b8c04389b8c396948.glb
af09472376fe4fdba06d99ea535c7b57,/Users/damian/.objaverse/hf-objaverse-v1/glbs/000-071/af09472376fe4fdba06d99ea535c7b57.glb
1367930e409e4347a5a3adbfe29a56c3,/Users/damian/.objaverse/hf-objaverse-v1/glbs/000-094/1367930e409e4347a5a3adbfe29a56c3.glb
78c531b540c84e9db17e095dd4dbe9a6,/Users/damian/.objaverse/hf-objaverse-v1/glbs/000-061/78c531b540c84e9db17e095dd4dbe9a6.glb
7b6a036bf0164ca7ab809b1b3ddf4926,/Users/damian/.objaverse/hf-objaverse-v1/glbs/000-133/7b6a036bf0164ca7ab809b1b3ddf4926.glb
f033545bb7d94595ac010d132f8761af,/Users/damian/.objaverse/hf-objaverse-v1/glbs/000-008/f033545bb7d94595ac010d132f8761af.glb
9f05fa536c4b427089de9768cc64a5ec,/Users/damian/.objaverse/hf-objaverse-v1/glbs/000-056/9f05fa536c4b427089de9768cc64a5ec.glb
48ecdf7441b6496c97a91c1a87c949e7,/Users/damian/.objaverse/hf-objaverse-v1/glbs/000-109/48ecdf7441b6496c97a91c1a87c949e7.glb
d9c4d3b44b2e4e4aa24e360c9830c0a1,/Users/damian/.objaverse/hf-objaverse-v1/glbs/000-091/d9c4d3b44b2e4e4aa24e360c9830c0a1.glb
99d6dce2e49e4ba185ac108ab044524d,/Users/damian/.objaverse/hf-objaverse-v1/glbs/000-054/99d6dce2e49e4ba185ac108ab044524d.glb
2de69fb8e5e94f0880e4db3e72d53cce,/Users/damian/.objaverse/hf-objaverse-v1/glbs/000-100/2de69fb8e5e94f0880e4db3e72d53cce.glb
c6cce8ec55634a0390055d0526029f1b,/Users/damian/.objaverse/hf-objaverse-v1/glbs/000-100/c6cce8ec55634a0390055d0526029f1b.glb
25d560b92b2d4f00b1ea4b7f91c8112c,/Users/damian/.objaverse/hf-objaverse-v1/glbs/000-092/25d560b92b2d4f00b1ea4b7f91c8112c.glb
d518e2ce054541e6b329dc2343307462,/Users/damian/.objaverse/hf-objaverse-v1/glbs/000-018/d518e2ce054541e6b329dc2343307462.glb
1638b8d4c254406c8d0c201a614034f0,/Users/damian/.objaverse/hf-objaverse-v1/glbs/000-116/1638b8d4c254406c8d0c201a614034f0.glb
20a22af7fb314d27b83bc82a8326111e,/Users/damian/.objaverse/hf-objaverse-v1/glbs/000-023/20a22af7fb314d27b83bc82a8326111e.glb
b2cf1d7d284f46e4b90def4889c4da24,/Users/damian/.objaverse/hf-objaverse-v1/glbs/000-102/b2cf1d7d284f46e4b90def4889c4da24.glb
e202323db0264ef7b1bc278ff73bfed0,/Users/damian/.objaverse/hf-objaverse-v1/glbs/000-102/e202323db0264ef7b1bc278ff73bfed0.glb
864b4ab8ed1d4e399ce56bb61abf1762,/Users/damian/.objaverse/hf-objaverse-v1/glbs/000-024/864b4ab8ed1d4e399ce56bb61abf1762.glb
2cbadb89676245de801b4d68de8201ec,/Users/damian/.objaverse/hf-objaverse-v1/glbs/000-060/2cbadb89676245de801b4d68de8201ec.glb
cf18e56bfdb048a1b648dd2c4d8acbdb,/Users/damian/.objaverse/hf-objaverse-v1/glbs/000-060/cf18e56bfdb048a1b648dd2c4d8acbdb.glb
283213c2976c4865b9a01fa35a4e9bbf,/Users/damian/.objaverse/hf-objaverse-v1/glbs/000-013/283213c2976c4865b9a01fa35a4e9bbf.glb
97a7243c1f304159802473331ee17071,/Users/damian/.objaverse/hf-objaverse-v1/glbs/000-013/97a7243c1f304159802473331ee17071.glb
de5b245bdc464756864fda7754fcfffc,/Users/damian/.objaverse/hf-objaverse-v1/glbs/000-089/de5b245bdc464756864fda7754fcfffc.glb
5545e230446944ebb432e73826aea606,/Users/damian/.objaverse/hf-objaverse-v1/glbs/000-089/5545e230446944ebb432e73826aea606.glb
12386167acf940c7ad2b548293f01b0d,/Users/damian/.objaverse/hf-objaverse-v1/glbs/000-089/12386167acf940c7ad2b548293f01b0d.glb
c0e5f00e1f3f47d2b19088ced9b85932,/Users/damian/.objaverse/hf-objaverse-v1/glbs/000-132/c0e5f00e1f3f47d2b19088ced9b85932.glb
571e6c6de43049b49375584fa18abce3,/Users/damian/.objaverse/hf-objaverse-v1/glbs/000-132/571e6c6de43049b49375584fa18abce3.glb
5294696d405a4c49996204267c77e320,/Users/damian/.objaverse/hf-objaverse-v1/glbs/000-016/5294696d405a4c49996204267c77e320.glb
121523fb980a4f44b51525ef3a4ec968,/Users/damian/.objaverse/hf-objaverse-v1/glbs/000-074/121523fb980a4f44b51525ef3a4ec968.glb
961ee6ba573c4844bdd15818ea43b42b,/Users/damian/.objaverse/hf-objaverse-v1/glbs/000-015/961ee6ba573c4844bdd15818ea43b42b.glb
9d2902a4d3ec4921b3bc9c4eeeb7c13d,/Users/damian/.objaverse/hf-objaverse-v1/glbs/000-050/9d2902a4d3ec4921b3bc9c4eeeb7c13d.glb
fca3293dcac3417ebce7625f5261275c,/Users/damian/.objaverse/hf-objaverse-v1/glbs/000-050/fca3293dcac3417ebce7625f5261275c.glb
a01b4bc9441a441aa2d812eecd2de234,/Users/damian/.objaverse/hf-objaverse-v1/glbs/000-125/a01b4bc9441a441aa2d812eecd2de234.glb
1139ae9eaa494ae98dc39ab87b2e6eac,/Users/damian/.objaverse/hf-objaverse-v1/glbs/000-151/1139ae9eaa494ae98dc39ab87b2e6eac.glb
966037025d4d41d38e074744f8505484,/Users/damian/.objaverse/hf-objaverse-v1/glbs/000-029/966037025d4d41d38e074744f8505484.glb
3fb4b128ec7646c08ebb5623aee58d86,/Users/damian/.objaverse/hf-objaverse-v1/glbs/000-000/3fb4b128ec7646c08ebb5623aee58d86.glb
b56b81331886482a9da2126d2d9e1125,/Users/damian/.objaverse/hf-objaverse-v1/glbs/000-000/b56b81331886482a9da2126d2d9e1125.glb
015777939fc3429ba4b5343be9d51ffa,/Users/damian/.objaverse/hf-objaverse-v1/glbs/000-000/015777939fc3429ba4b5343be9d51ffa.glb
00f64dabbb6a498395b74675e17ea3a4,/Users/damian/.objaverse/hf-objaverse-v1/glbs/000-000/00f64dabbb6a498395b74675e17ea3a4.glb
02dcf7624c21467fb391e4303823f8e6,/Users/damian/.objaverse/hf-objaverse-v1/glbs/000-000/02dcf7624c21467fb391e4303823f8e6.glb
3bde1ab67c6448169b604dedad6828d8,/Users/damian/.objaverse/hf-objaverse-v1/glbs/000-000/3bde1ab67c6448169b604dedad6828d8.glb
46d026c0af64476dbb3226b51fcf7a40,/Users/damian/.objaverse/hf-objaverse-v1/glbs/000-138/46d026c0af64476dbb3226b51fcf7a40.glb
caa8abc9ba85433f860010962dd0d91f,/Users/damian/.objaverse/hf-objaverse-v1/glbs/000-138/caa8abc9ba85433f860010962dd0d91f.glb
6822503876f04df79de2c3ab2277f6e6,/Users/damian/.objaverse/hf-objaverse-v1/glbs/000-157/6822503876f04df79de2c3ab2277f6e6.glb
fd05cecce82346e5b85949a0e1be7dcd,/Users/damian/.objaverse/hf-objaverse-v1/glbs/000-157/fd05cecce82346e5b85949a0e1be7dcd.glb
ee74fcdacb694abfb444cbcc5954526a,/Users/damian/.objaverse/hf-objaverse-v1/glbs/000-022/ee74fcdacb694abfb444cbcc5954526a.glb
e624f969b87f496db6fe555ddbaf1691,/Users/damian/.objaverse/hf-objaverse-v1/glbs/000-022/e624f969b87f496db6fe555ddbaf1691.glb
84c4f27b8eb84938bfc2cf36944baf3d,/Users/damian/.objaverse/hf-objaverse-v1/glbs/000-118/84c4f27b8eb84938bfc2cf36944baf3d.glb
3269b8399110482cbf6bab889e70da25,/Users/damian/.objaverse/hf-objaverse-v1/glbs/000-153/3269b8399110482cbf6bab889e70da25.glb
c0b36cf117a044f0b1817e4819f2f441,/Users/damian/.objaverse/hf-objaverse-v1/glbs/000-153/c0b36cf117a044f0b1817e4819f2f441.glb
197dd882a69846e0825e80566996cbba,/Users/damian/.objaverse/hf-objaverse-v1/glbs/000-120/197dd882a69846e0825e80566996cbba.glb
5297f7525763435c8ef2e97fd3a6d30d,/Users/damian/.objaverse/hf-objaverse-v1/glbs/000-104/5297f7525763435c8ef2e97fd3a6d30d.glb
498702bf390a465893c21a6f9d7b7966,/Users/damian/.objaverse/hf-objaverse-v1/glbs/000-031/498702bf390a465893c21a6f9d7b7966.glb
fe10f12853044affbdc9e835eabc2c81,/Users/damian/.objaverse/hf-objaverse-v1/glbs/000-031/fe10f12853044affbdc9e835eabc2c81.glb
47476acd32244cd090e6c8b8decb2be6,/Users/damian/.objaverse/hf-objaverse-v1/glbs/000-110/47476acd32244cd090e6c8b8decb2be6.glb
fb2e16d216ca4fda948a073ad5ee26a5,/Users/damian/.objaverse/hf-objaverse-v1/glbs/000-110/fb2e16d216ca4fda948a073ad5ee26a5.glb
df4305801dc24c41926e0932bd7bd833,/Users/damian/.objaverse/hf-objaverse-v1/glbs/000-090/df4305801dc24c41926e0932bd7bd833.glb
c1137f0fc3524af2a27cb36758a391a5,/Users/damian/.objaverse/hf-objaverse-v1/glbs/000-090/c1137f0fc3524af2a27cb36758a391a5.glb
c8d83f0e016b406e8e057e764b29bc06,/Users/damian/.objaverse/hf-objaverse-v1/glbs/000-062/c8d83f0e016b406e8e057e764b29bc06.glb
28653c6cc47940a8aca65745a700eda3,/Users/damian/.objaverse/hf-objaverse-v1/glbs/000-021/28653c6cc47940a8aca65745a700eda3.glb
3b706feb53764c1c82271e02c10f25a8,/Users/damian/.objaverse/hf-objaverse-v1/glbs/000-021/3b706feb53764c1c82271e02c10f25a8.glb
921712309e2d441ea8332f471ade2fcd,/Users/damian/.objaverse/hf-objaverse-v1/glbs/000-030/921712309e2d441ea8332f471ade2fcd.glb
44bd836ae91f45ac8cf8fbfde32b1b40,/Users/damian/.objaverse/hf-objaverse-v1/glbs/000-025/44bd836ae91f45ac8cf8fbfde32b1b40.glb
d748a1de73e24c188123c86ec5ed9212,/Users/damian/.objaverse/hf-objaverse-v1/glbs/000-103/d748a1de73e24c188123c86ec5ed9212.glb
6da9fd8b9d224e1c8a346f397396623a,/Users/damian/.objaverse/hf-objaverse-v1/glbs/000-103/6da9fd8b9d224e1c8a346f397396623a.glb
f675530c40bd404d8df317c15d0bb55f,/Users/damian/.objaverse/hf-objaverse-v1/glbs/000-123/f675530c40bd404d8df317c15d0bb55f.glb
b13f9b0f47d94b17884c995ce4e3ccc2,/Users/damian/.objaverse/hf-objaverse-v1/glbs/000-123/b13f9b0f47d94b17884c995ce4e3ccc2.glb
69cd0639a33945ec824b33ef3bf401ae,/Users/damian/.objaverse/hf-objaverse-v1/glbs/000-040/69cd0639a33945ec824b33ef3bf401ae.glb
c12681f6188a4201a939d46d5fef323f,/Users/damian/.objaverse/hf-objaverse-v1/glbs/000-127/c12681f6188a4201a939d46d5fef323f.glb
a869c645c3504e93a8b949f647e29970,/Users/damian/.objaverse/hf-objaverse-v1/glbs/000-129/a869c645c3504e93a8b949f647e29970.glb
f256203558c24ea09385a861b917c75a,/Users/damian/.objaverse/hf-objaverse-v1/glbs/000-152/f256203558c24ea09385a861b917c75a.glb
d1e0d11357e44e3bbd9eae0ad4fef8cc,/Users/damian/.objaverse/hf-objaverse-v1/glbs/000-046/d1e0d11357e44e3bbd9eae0ad4fef8cc.glb
43860f8a9f174cb9b9cc15a3f6786fbf,/Users/damian/.objaverse/hf-objaverse-v1/glbs/000-068/43860f8a9f174cb9b9cc15a3f6786fbf.glb
c83ec2fa200d4c54a535f96944512297,/Users/damian/.objaverse/hf-objaverse-v1/glbs/000-011/c83ec2fa200d4c54a535f96944512297.glb
54d2c60a8a524844a33d0dbde1daeeb3,/Users/damian/.objaverse/hf-objaverse-v1/glbs/000-055/54d2c60a8a524844a33d0dbde1daeeb3.glb
6ff55560e82c47b98804d0ca3843f7ba,/Users/damian/.objaverse/hf-objaverse-v1/glbs/000-055/6ff55560e82c47b98804d0ca3843f7ba.glb
16bfab70fa29407db9e65e0a4c251e1a,/Users/damian/.objaverse/hf-objaverse-v1/glbs/000-055/16bfab70fa29407db9e65e0a4c251e1a.glb
c633aa1023ce42daa7380711dab53349,/Users/damian/.objaverse/hf-objaverse-v1/glbs/000-035/c633aa1023ce42daa7380711dab53349.glb
89a530d9954b4003b112ffe2aa3b3b92,/Users/damian/.objaverse/hf-objaverse-v1/glbs/000-038/89a530d9954b4003b112ffe2aa3b3b92.glb
3389dff16c74443289ed3cddabf46bb5,/Users/damian/.objaverse/hf-objaverse-v1/glbs/000-057/3389dff16c74443289ed3cddabf46bb5.glb
5ebd3720da554fa2a60e0fa280c5ae7a,/Users/damian/.objaverse/hf-objaverse-v1/glbs/000-076/5ebd3720da554fa2a60e0fa280c5ae7a.glb
430782b214f44b8fb5ef9ea0863f736b,/Users/damian/.objaverse/hf-objaverse-v1/glbs/000-076/430782b214f44b8fb5ef9ea0863f736b.glb
fb01aad69315400daff108fdea76f361,/Users/damian/.objaverse/hf-objaverse-v1/glbs/000-007/fb01aad69315400daff108fdea76f361.glb
3629a475d0294b8791ddabd881b5467f,/Users/damian/.objaverse/hf-objaverse-v1/glbs/000-058/3629a475d0294b8791ddabd881b5467f.glb
ed0fb900dc4c4fc0ab42969ffe6b15ff,/Users/damian/.objaverse/hf-objaverse-v1/glbs/000-085/ed0fb900dc4c4fc0ab42969ffe6b15ff.glb
9de59aaa95ff42408b9869a72f3a89e4,/Users/damian/.objaverse/hf-objaverse-v1/glbs/000-095/9de59aaa95ff42408b9869a72f3a89e4.glb
62ee76119f1c4524824edc80e2e5834e,/Users/damian/.objaverse/hf-objaverse-v1/glbs/000-126/62ee76119f1c4524824edc80e2e5834e.glb
9178b11770dd49fca81fad6da89caf2b,/Users/damian/.objaverse/hf-objaverse-v1/glbs/000-005/9178b11770dd49fca81fad6da89caf2b.glb
75de632d4300496cae0d01c5ad4d8d6a,/Users/damian/.objaverse/hf-objaverse-v1/glbs/000-005/75de632d4300496cae0d01c5ad4d8d6a.glb
692d4d1536f647acb6c7f652a99ecca7,/Users/damian/.objaverse/hf-objaverse-v1/glbs/000-069/692d4d1536f647acb6c7f652a99ecca7.glb
684c85c249b54a6f84aae2caa29a8bf7,/Users/damian/.objaverse/hf-objaverse-v1/glbs/000-069/684c85c249b54a6f84aae2caa29a8bf7.glb
