uid,name,username,viewCount,likeCount
67c018719fd2477291279a0df27b1944,Audi A7 2019,David_Holiday,686,10
f8024595e11c48119877c9c7cc554abc,Jeep Grand Cherokee Trackhawk,David_Holiday,6076,71
016e93bac3c94a9fa78caf9630553b6b,Chevrolet Impala Highway Patrol,David_Holiday,1637,56
033c0d7ca2bd4236a72de5f9ce7ac110,"Double Car Suburban,(WIP)",David_Holiday,640,16
01531de593f3468084dab12f6515e8e1,Police Experimental Package Ford Taurus,David_Holiday,225,6
c34e9fdc36c1410895e784eecaed9487,SWAT Truck,David_Holiday,115,2
c1401a483d8a47d48ef7d75ab91fd22f,Chevy Silverado,David_Holiday,261,5
ef05308879424ddeb6b9abac48b9a600,Toyota Tundra,David_Holiday,212,3
049e3a83b8274225b06b0d5b054c0101,Chevy Suburban 2018 LTZ,David_Holiday,89,4
52a8e833445142eebd6e0cae8b72cfc6,Chevrolet Camaro SS 2016,David_Holiday,1154,19
2bd82aa8ca92482882241a3762684509,BPD Ford Expedition,David_Holiday,101,3
109850030d3943768f2c0af603343418,2015 F150,David_Holiday,280,8
5eb6b3932e2a4097b0785262ce7d8d06,2012 F150 Construction Truck,David_Holiday,157,0
9d08472f29d146e2b37475f9725aad97,Ford F150 Tremor,David_Holiday,430,3
32a1f9baf08241a7899b617e0946f6f8,SUV,David_Holiday,113,2
dc0923180bf74140b1519e1176a9d282,2004 Chevy 1500,David_Holiday,183,6
6a3f380016f94c289b92fd34267626a2,Ford Mustang-Abrosexual,David_Holiday,105,3
084e8f5a11f14a7bbbc2f39090c7dad9,FBI Humvee,David_Holiday,556,7
538223ce135841d2bb40403ea7a95cc3,Dodge Durango,David_Holiday,343,7
639d1352be0a4e0e8395313aa069f3e6,Mazda RX7,David_Holiday,342,2
8edfb40eb2f64219b72aa2e36cdd34e7,Dodge Charger 2015 Hellcat,David_Holiday,393,6
5d42efc7c984437c87413a4f46b1ffdf,2002 Chevy Silverado,David_Holiday,277,0
a1dafa8c1ff5440ab1fc05a1fcf239ac,Ford F150 Raptor,David_Holiday,302,7
34dc6085b786485db2c8940d4deac7bd,Chrysler 300,David_Holiday,400,6
0b0b32949c754e58988f1c26023e1077,Ford Crown Victoria-SCPD,David_Holiday,252,6
beb4cd1a2fb34bc981496763bf5a21ca,Dodge Charger 2012- Police,David_Holiday,161,4
6534994bf1cf4f28846424479e41570d,Nissan Silvia S15 Custom,David_Holiday,614,13
40a8a1c9f57f48059db8c6e3c0c3e65b,Lexus RX450h,David_Holiday,330,6
803583f7b41d4a60b6e4204e1f7e56e0,Chevy Cheyenne,David_Holiday,138,4
704ee3771b6b4f49b27a9d0075d50a73,Dodge Charger 1968 Forgeline,David_Holiday,647,2
c551bd5dbfa84d2eb5bc8ddd60536d2f,Mazda 6 Sport,David_Holiday,362,7
bcecd9bf5ffe43d7bac744332fc12d82,Tesla Model 3,David_Holiday,601,5
417915f419f945c8a424b2a7943eb25a,Toyota Hilux,David_Holiday,795,6
09b2479b9f1441ab84d74c9e6c54467f,Ford F250 Super Duty,David_Holiday,117,1
f6ca67751a2145ca986931f108995075,Chevy Tahoe(Second),David_Holiday,194,5
7e099001a6204ea1a585d1b33d68bde4,Dodge Ram 1500 2007,David_Holiday,472,8
23b4a1bd914347ed8e857ed1c927cbce,Cadillac Escalade 2018,David_Holiday,219,2
5c08f723bfc94a98b7d7918e3e4ff1dc,Tesla Model X,David_Holiday,1455,14
fdcb246012e0448fb98aacebd27402f3,Chevy '79 K5 Blazer,David_Holiday,340,6
51ff44881e6e4d7bad90decadd7ea4e3,2011 Dodge Charger,David_Holiday,151,5
91890b50a0724156beb4f98f21565578,1999 Ford Expedition Spec Ops,David_Holiday,119,4
5b7f78822e1e46089205ed8b1b0b2b01,Mercedes S55,David_Holiday,489,3
642f8d3c610343be9935e0f71decbf3b,Ford F350 STATE POLICE- Dually,David_Holiday,160,1
27f6af85b7e9485da35e1bdbb5da680e,Dodge Charger-FBI,David_Holiday,98,4
97566fccb6734c27a9cb8b655314d470,Dodge Charger Police Interceptor,David_Holiday,40,0
ba81bdac56b0460d93d0d2d7488397d4,Dodge Charger 1970,David_Holiday,269,5
f2ca4362448f49aa81522a57cc85ce1a,Dodge Charger POV,David_Holiday,201,6
8e0687a8180c4f7392441dfb8e3598bb,Tesla Cybertruck,David_Holiday,169,6
0bc2e020f1af4ffaa8074ed09ba0f811,Bugatti Chiron,David_Holiday,474,6
c1a97ee9330f4e68b9872cae1168a9fb,Bravado Banshee,David_Holiday,115,6
2a8a0606f0b7454296014ed73333fcee,Lincoln Navigator,David_Holiday,160,5
b1582b4f58b941fea1d75c5f1c8d0d29,Dodge Charger 2009 Ghost Police,David_Holiday,150,4
c5a7b31800b84827bdee0425853d207e,Toyota Hilux(Upgraded),David_Holiday,327,9
dc5d8457ec874d328349d201fadf228d,Declasse Granger,David_Holiday,338,5
d8d4c551d4474ce2a3b4aa66e5fbade5,2013 Omega Landstalker,David_Holiday,6,1
9747674af6784cb2afac972aaa6d9005,Mack Semi,David_Holiday,203,3
7245ab8eb82248dfb93493ed9a79e1b1,Ford Explorer ST,David_Holiday,382,4
2131996d4db044db9cb8f7f47a1a425b,2009 Chevy Silverado,David_Holiday,148,4
84960addcfe84fde881c85b1a0692a99,Tesla CyberTruck,David_Holiday,198,6
f43fdfaaa78049d4aa5d4c253725f083,71+newyorker,David_Holiday,111,14
73b9014b404c4e03b5cea9ad7575aa98,DeClasse Granger-Fake Cop,David_Holiday,126,5
d43cf0e2d0e449b685aee3cd40e95c5f,Ford Fusion Sport,David_Holiday,544,3
ff56607d5c2243ad93bf4df3825a6c44,Nissan GTR 2015,David_Holiday,788,12
f541e4f42e9144b2adfcc6cb2eb645dd,Chevy Suburban 2015(Secret Service),David_Holiday,1827,45
b468fdbe1410459884629c1a02706d74,2003 Chevy Silverado OFFROAD,David_Holiday,87,2
d1eb3e8ae2a04b0dbcfbf87d0015d974,Dodge Charger Police,David_Holiday,208,5
4f92d0b1ad5840b2a3fc05acfb4f289b,Unmarked Crown Victoria,David_Holiday,200,4
c640e4e7c68545e09a9348494c2c13a1,Ford F150 Raptor,David_Holiday,3970,42
09140bad39e34cc686665f61294bf40e,Shelby Mustang GT500,David_Holiday,860,8
5e77a057585d47309d2605934197669f,Chevrolet S10,David_Holiday,1207,7
128f0e75afe94c6ea0ee564db07cb8f9,Crown Victoria CVPI,David_Holiday,189,3
a935725cb7b24ff989d2effdbbd034c2,2001 Chevrolet Impala Police-Unmarked,David_Holiday,137,3
20c94f353d944dabb168ba8ef89bcbd4,Lamborghini Urus,David_Holiday,615,13
9a3f44c8c5b84db5bde6362b58bf5d98,Dodge Charger 2015-Regular,David_Holiday,268,2
8d48f36812604ce39e20bf1250161061,09 Challenger(White),David_Holiday,12,0
f1505f8c7ffb4f62a08df04f936be49c,Dodge Challenger-High Speed Unit-Sherwood Police,David_Holiday,37,3
0045ca3ff44b4d9baed9028f32beec6a,FPIU 2020 Unmarked,David_Holiday,158,1
52d39390a03a4c81824adf7309aac3de,2018 Lincoln Continental,David_Holiday,380,14
6486bf024eea411eaf012f8c56c3abe3,Chevy Tahoe-Bounty Hunters-stl file,David_Holiday,112,1
ab83bfcbd82c4c5ab1e50f1db943b6f2,(Wrecked)GMC Yukon,David_Holiday,68,0
6b296a1722a74bdd99078d6c01c7d683,Ford Mustang '07,David_Holiday,252,1
5f143d22b5ca43aeb90e85f19940d5e8,2020 Chevy Corvette C8,David_Holiday,1318,29
64bd3068fda84d99bac2762df5b234d5,Subaru Impreza UK- Police,David_Holiday,264,3
8330bdf5cbaf4e25a9031990ca8621de,2021 Cadillac Escalade,David_Holiday,1590,13
61b29fbf53814bf9b243aa2c498ec8d7,Dodge Charger-STL,David_Holiday,159,3
c5e64d13730646debf7297b20f0432b5,Range Rover SUV Sport,David_Holiday,69,0
77bd325607974c4c8e3db77a0814842d,Subaru-Tiger Zenti Coupe,David_Holiday,50,1
4ebf66fbb725478e86cfe6339705a7af,Vapid SandkingXL,David_Holiday,113,7
be709498733f4624b75a24852fff085a,Nissan-GT-R Liberty Walk Silver and Blue,David_Holiday,249,4
99afdf00918c4b899bf7fa85a4d1530e,2020 FPIU Marked,David_Holiday,112,6
5b3898052ca64641ab1857a638551039,Dodge Ram 1500,David_Holiday,2386,20
47e5891cf0cb4f22ae2619afcbea30fd,2011 Chevy Silverado,David_Holiday,334,7
6cd63c21d1bc46dc84ab09bb67483b8e,Dodge Ram 3500,David_Holiday,1908,16
014d21f3b726425298b1a7a70a92b5a4,2008 Lincoln Navigator XL,David_Holiday,150,2
25fdf473f8504ef8ab331e49537cbbed,Unmarked Ford Mustang,David_Holiday,290,7
05f033efdde3439e96e6dd94387b5442,Lamborghini Muricelago,David_Holiday,304,6
0876db48ce354f3a81f6cbd307b0324e,2021 Ford Bronco Wildtrak,David_Holiday,4889,69
ba36881d64284f3f981600772f4a6547,Chevy Suburban-Boyd County Sheriff Patrol,David_Holiday,59,3
1da79a33e49d4d2eabc5b5cbac578adf,2019 Lincoln Navigator,David_Holiday,585,12
063c97c804004197af8c6ebeb422f115,Ford Crown Victoria Police Interceptor,David_Holiday,284,5
07afb3b74d5e4c78832c6ab91e5d93a1,Subaru Impreza WRX,David_Holiday,312,7
3d481afc73244845b5b4df93ab35317f,Dodge Charger SRT8,David_Holiday,346,8
726cf283cc6b409b8351a03a6da90209,2020 Ford Expedition,David_Holiday,468,10
eb3f46616dd4405e812c1de38a1aabf9,NYPD Ford Expedition,David_Holiday,244,4
2240ca0693084031aef744199cdc653c,1968 Dodge Charger,David_Holiday,74,1
289a663646e44b92b10e1e19f47617ef,Dodge Charger 2011,David_Holiday,592,9
82feaaceb0f54d6f9121a637a87385fe,Dodge Charger 1968,David_Holiday,1377,15
1968b428dddc4f8ab460f62cc99f8e5e,Ford Mustang SVT Cobra R,David_Holiday,283,1
0234ebed01ee4b87affed0e58673247e,Toyota Hilux 2007,David_Holiday,1893,28
e1ae6449f8ff4618ae178049c373822f,LIFEGUARD Volkswagen Amarok 4X4,David_Holiday,123,2
95995fe0fce148a6b0e7582edc17a0ab,1998 Ford F150,David_Holiday,151,3
30d63a8b8a6f4ce882a5c1e894bcc10a,NYPD-Cop Car,David_Holiday,553,14
7fed88b9da584b1a95c8cc1bb176c169,Toyota Hilux Single Cab,David_Holiday,321,4
e7dc84bcbabd4f54bd1b8141894c0417,2003 Chevy S-10,David_Holiday,85,3
7abe74c747b845df8dae7f75af7b2fd1,Chevy S10 Crew Cab,David_Holiday,189,3
a004134578c8411f8be74db7b394f1ab,Chrysler 300c,David_Holiday,561,6
3e5e14fdb1f94f25a5b572caf518f55d,Peugeot 3008,David_Holiday,476,2
4f1c4eec4bfe4df49c317ccadab221e1,"Toyota Hilux- Japanese, Low- Poly",David_Holiday,141,3
1d79c5d7bccb49b8b30c607d1baa46b2,Chevy Silverado Police,David_Holiday,38,1
ed3b9d3fcec4484e9226f4e8f5d81b3f,Mercedes Protection Limo,David_Holiday,208,0
becfc582462b432cbd158ada35106a17,MSP Dodge Charger Slicktop,David_Holiday,24,1
547287713a9a423b8fc953e047dc963b,Toyota Hilux,David_Holiday,87,2
feb34e903db74fc684705ed6fefcd231,2022 Nissan Frontier,David_Holiday,563,8
cb6309edb49f4709b0fafa02af17ba5a,Mercedes AMG C63,David_Holiday,232,2
54d0a12c47f84e6fabda7b95b4a2d897,2009 Charger SCS0,David_Holiday,208,5
144b72c190b54463a29e0fe0075824fa,Nissan Frontier/Navara,David_Holiday,363,3
34c10ffa55324d3580a11766b0b70612,Dodge RAM 1500,David_Holiday,307,1
4796500e717b42949998bb94c00ea200,Ford Crown Victoria,David_Holiday,1417,5
ab944e1b70474fa5b54e1403bfde3a2a,1993 GMC Sierra,David_Holiday,214,7
14c7c5d33a264a9c8de921aa77487941,Pontiac G5,David_Holiday,225,1
6c4ebc76d4fe4bfc837c8a7d8b32c316,Ford Crown Victoria- Police,David_Holiday,439,9
40903b09601c4e15b97f8e43ca42d449,FPIU 2020 Version 2,David_Holiday,181,6
50d5b3187a564c1d98c6665fa5fb15f0,2010 Ford Expedition DOT Police,David_Holiday,72,2
be2096de216640aabf6ebd0f2d302838,Ford F250,David_Holiday,128,2
b3e5e287aab5488aaac32c6e089e5357,Subaru Impreza Interceptor UK,David_Holiday,398,7
fabce8f1c72a4591a9cf66dd257a9732,Ford Expedition,David_Holiday,636,3
f1a2fd5b12e746179aa1069cc09ac83f,Chevy Suburban,David_Holiday,583,8
207154564001469b970ed828459217a5,Chevy SIlverado Utilty,David_Holiday,17,0
e82fff3e0f7a4c96a3ae88f8502bac63,Audi R8,David_Holiday,198,3
86cb76787219477f84967be6a988d080,Hennesey/Dodge RamTRX,David_Holiday,657,26
b60b3a520c024fd69416d56a71900626,Ford Mustang Shelby 2012,David_Holiday,4317,57
9936a4c775f442549005a6cf83d1de21,"Ford Focus British Police Car, UK",David_Holiday,1963,16
1ded9f27d0ae46e9a7f4c871eef7ed8e,2010 Ford Super Duty,David_Holiday,263,5
cd2b81eed57942c6b1c22049c4b036f2,West Virginia State Police Chevy Tahoe 1996,David_Holiday,69,2
3b1393cb24a74ab9a4a25003ea26ca6b,suburban,David_Holiday,26,2
fee53419bf07472abec92f155de467a7,Cadillac CT5,David_Holiday,347,6
8aee8c79afe042018e4eda67403d12a9,Chevy Impala 2004 Police-Marked,David_Holiday,142,1
c726e49708ed471db86f56be4c916c6b,Chevrolet Suburban,David_Holiday,99,2
d0d584cada4245a8a7b36201e9530a6f,Ford Expedition TRU Sheriff´s Office,David_Holiday,170,2
406e9a796d4e4852a2ab67d4d391a119,Ford Explorer Sport,David_Holiday,284,5
03ac584769a741f1a6d0e18cdda826e5,Shelby GT500,David_Holiday,729,26
cea87f7a196249089c79d85006229878,Dodge Challenger SRT,David_Holiday,894,17
dcf5aa175d7d4c82b3244b7c0296a81b,1981 Foxbody Mustang,David_Holiday,304,1
dacf46fde9f44a2cb415f451eb663073,Shelby,David_Holiday,266,8
370e98e4fe7f4985a39bd1a27d1ec096,Vapid Police Interceptors,David_Holiday,38,3
fa24f49fc4af4881881ba9df408a2e9d,OffRoad Chevy Silverado 4x4,David_Holiday,359,1
a15d70f2bc0544e5b3e8bd1d5b6d5de1,Ford Mustang,David_Holiday,675,8
fb8e73d27f1f43c284faf5b34c6b5b9f,Cadillac CTS 2003,David_Holiday,118,1
44e16c3ad2c14349b1596f3b1c6e4b37,Nissan Navara 2017,David_Holiday,1564,13
5d5d35f670b9460bbd7fbd725f0bd114,BMW M3 E92,David_Holiday,1226,7
81acc3b3e79c44188dca5d781f37df84,Border Patrol,David_Holiday,148,8
70cafed411c34293b00b88177a2b75d3,BMW M3 E92,David_Holiday,425,5
08efe03a95634fc5ae9a8a7e716fc49e,GMC Sierra Crew Cab,David_Holiday,378,6
ac54c8af78e04b44b21829d69ca32c06,First generation-Cadillac DTS,David_Holiday,177,4
9173507759ab4555b0a12994f8dbd5ac,Z71 Suburban RCMP,David_Holiday,47,1
889c5ed6e352468688d70ee4ac61193e,THE POLICE CAYMAN GT,David_Holiday,63,0
0f3db5c3b2d845a48ea101ddc2a6d5a6,The Peterbilt 6x6,David_Holiday,1008,15
7a4c1cc884a84512a876ac14c1703cfa,Toyota Fortuner 2014,David_Holiday,943,14
a3a08fdef705486f8f3f1f21db39b36f,Ford F150 2018 Raptor,David_Holiday,1246,35
cc181b895369478e9fba284cd13dc2c5,Ford F150 Raptor Sport,David_Holiday,269,7
2eeef6f9fe3d41ce9aca1534dbe85f6d,2018 Ford F150 Raptor-Concept,David_Holiday,580,10
ca533feee43e40099ec0a5ff2da5f4a5,2010 Chevrolet Colorado,David_Holiday,185,0
b312968c927845e1b33e5b5788a4a984,Tiger Zenvi Coupe,David_Holiday,37,1
117d024557fd423c899ff95829d67346,1970 Chevy Suburban,David_Holiday,383,6
e5e2565bd5074384beafb4ebea4d7da7,Chevy Blazer 2003,David_Holiday,292,5
37c57ebdccbb448e96050f9a75dd0477,Toyota Hilux Revo,David_Holiday,1616,21
7ce5334103864398a0cceccadacfeddc,Chevy Corvette C7,David_Holiday,241,4
f1f9ffc006ce4b9c8661ef9a36951f83,Police Chevy Caprice,David_Holiday,54,1
bb1dc5ec54b84a29a31490f0289838bd,Audi RS5,David_Holiday,217,3
b7cf57c9c8ef45c89f5e09ef426322b4,Chevrolet Pontiac Formula,David_Holiday,192,6
74886d8702bb4e88a42aa7376c849722,Dodge Challenger Demon 2018,David_Holiday,2307,38
eb0f4920697f497f985ce3f0ff4fe626,Chevy Suburban 2017-FBI,David_Holiday,247,4
5fc9fed8d5624a3bb10c21035868fe47,BMW M36 Regular,David_Holiday,484,8
0bf8e6375d7646e5bfaf3aad185bfbc2,"Chevy Tahoe,dae file-Bounty hunters",David_Holiday,126,2
9ab55c0aeb8f4706abcb3f25fe172fab,Chevy Tahoe(Civilian),David_Holiday,245,2
deb693b9b5844738bf24168ad26dbbb0,Ferrari 458 Italia,David_Holiday,390,9
c0a458a292ac46c38dde54960c4875ed,Dodge Charger 2009-Unmarked,David_Holiday,205,7
9e24027527e649f499d88efb4f3b9b98,Aston Martin,David_Holiday,164,3
296737f33d404f33a3376acb4d616cc5,Ford F150 Baja,David_Holiday,247,9
b83cf6d1b2764be0b86236b1ef710b6a,2013 Ford F150,David_Holiday,1017,16
68ec88df589b47e797f35a15fa4e977c,Cadillac Escalade 2006,David_Holiday,275,1
5f131cdb7b1b487caf62ff16067f5b1c,Mercedes C200,David_Holiday,440,8
57835123365c41779c3747fd343abf95,My Future Dodge Charger,David_Holiday,136,2
3d9701bc2610466198f2cea996bd0fdc,2020 Toyota Fortuner Legender,David_Holiday,4532,18
feacd560f9c0433eb36ce8dd9dc1500d,"Dodge Charger SRT8 2013,Fast and Furious 6",David_Holiday,219,2
954444e0d0424ec1beebba1d227fd119,Tiger Zenvi S71,David_Holiday,90,3
e738e4df22024d76b0b616b18d58ca72,Dodge Challenger SRT8 2009,David_Holiday,208,3
93efd164d3374295a8ac04c36e329429,2020 Peugeot 2008,David_Holiday,1069,11
a11d407e141b4a88b2a424060075e357,Chevrolet Tahoe 2007,David_Holiday,529,8
c27dc71df79e4403a68697bc970e0183,Ford F250 Police-Unmarked,David_Holiday,158,0
12551977a2de417ba46852c9e559b0f5,Bravado Bison,David_Holiday,125,1
d739b0650f6b49e7a3b80d46106ed749,Nissan Skyline R32 GT-R,David_Holiday,439,2
a8b57da71e9549c9bed7425043408f91,2001 Crown Vic Marked,David_Holiday,142,1
f8d011169e5140598e52a40d734c0421,Range Rover SVAutobiography,David_Holiday,155,6
c18bbb58fafa41f18b168f3a2d980850,2021 Chevrolet Tahoe RST-Police,David_Holiday,922,19
859ba1aa8ccc4b0ab3507169bad069d8,Dodge Charger- Unmarked,David_Holiday,233,6
f4fe6eab1dc945d088f45c6ecce59351,2020 Ford Explorer Marked-Police,David_Holiday,337,2
6cf4833f5d3f4d968f601b08afc5f971,2018 Pontiac Trans AM Unit-Unmarked,David_Holiday,174,6
56aaee226ce44f988213c6336c3b8058,Chevy Tahoe,David_Holiday,66,1
b009b126ce644616b555f8b07e0e4d7d,Porsche 911 GT3,David_Holiday,237,3
70b3b57b3d764d3da3aeeaa9763ac55d,Bmw Limousine,David_Holiday,263,3
37406df07eba477e898806606ccfeb5e,Porsche Cayman S,David_Holiday,827,26
8a0871ede6a149559f4629805439e228,Ford F250,David_Holiday,983,21
812bc107f73941c3a2aad90b0da46a0c,Chevy Tahoe-Sheriff,David_Holiday,114,7
e55c3adad31749fa8c78496048f7f191,Chevy Silverado 1500,David_Holiday,95,3
b800a840086b41108db4cd93875de416,Albany Alpha,David_Holiday,258,8
9a74920325844515b0365f74ea3d4402,Chevy Tahoe 2017-FBI,David_Holiday,162,4
54926ff096ac4b5686211685e834d908,1991 Chevy Silverado Crew Cab,David_Holiday,355,7
c0dc0d20b3d04f11af154615ecf90114,Chevy Tahoe SS,David_Holiday,70,0
5e0e5ec5ba124af39d7a7d737c70e959,2002 Chevy Silverado,David_Holiday,587,6
d8fdf5504f2345afa5680a8c6ad759e3,Albany Cavalcade 2002,David_Holiday,29,1
5bcfe29be9084b68924521a6826a9f5a,Chevy Impala,David_Holiday,224,1
bbc9f882493743ce926a293945aadc07,Chevy Blazer,David_Holiday,109,2
ca864e2081ed4b57a4ba7548250579c8,SCSO Unit #1,David_Holiday,55,1
f44e824e0ac047f8b5fe09fc3175b7aa,Chevy Blazer,David_Holiday,344,4
ef42dcec4eca4eb294c9f6c58550d9b8,1970 Baja Dodge Charger,David_Holiday,1480,31
9030f645331c4433b303888b43c91cd4,Vapid Stanier-Fake Cop Version,David_Holiday,194,6
2e452f58e1d14894b4a85a1563bd354d,Charger SCSO,David_Holiday,90,4
94a29c1064b04a57989d8aad279a833b,Vapid King/Stanier,David_Holiday,49,5
ab6964baf1154eaebc97133c58c9119d,Toyota Hilux SR 2016,David_Holiday,1128,23
8bb91f037ec64151ba72279c50ce5c20,2019 Toyota Tacoma,David_Holiday,1066,19
39930c4d685f4a9c8f7bd63c1a2a7dee,Chevy Corvette C7,David_Holiday,133,1
014ebfab735341248431da3d6447bbb5,2018 Ford F-150 Lariat Super Crew,David_Holiday,416,15
c13c252fe1204eb7be06afc703c3e678,Nissan GTR Liberty Walk 2019,David_Holiday,848,11
8026dc5f17254c9dbaeae2ee6e4f2779,Pickup Truck,David_Holiday,254,4
66efc24128f94e88a6f04254d25e13ca,Groti Carbonizzre,David_Holiday,382,3
d7101d5aa97746af98100ac7e1eec8d1,Vapid Sandking XL,David_Holiday,100,4
64bd58920b5d42478887a36af3cfeab9,2008 Ford F150- Police,David_Holiday,53,0
4aba936878a54041ac018267b754957c,Stanier 2011 cop,David_Holiday,224,7
619b16f924cc43dfb3e09b300b279b99,**Chevy Camaro**,David_Holiday,178,5
240b729d6a804c85b10a5c876653917e,Chevy Silverado OPP,David_Holiday,53,3
761a262b5a044601999cfca0aa48d472,Dodge Challenger,David_Holiday,355,8
dc9b40371ec34a29b6111e0b6bd74130,SCFD EMS Battalion-Ford Explorer,David_Holiday,444,14
54ff0d6abc1445ffbed9cf6f38f2bca0,Tesla Model S Police Unit,David_Holiday,226,3
6dcff056bc0f4d75abd0472f671ecb1d,Nissan Titan 4x4,David_Holiday,812,18
514b5924a79542789f16cfa600c8cfb7,Chevrolet Avalanche 4x4 Z71,David_Holiday,129,8
301cb216b2754e8dbe98e32157c2a853,Lamborghini Terzo Millenio,David_Holiday,1214,24
37d7468d2c314205b048df4bfd66eb32,2015 BMW i8,David_Holiday,561,16
565ff2a0b1b64637bfafb7f6ef1a4085,Tesla Model S(civ),David_Holiday,217,3
349dd19256944f5ca756f29c7e8486fd,2013 Dodge Viper GTS,David_Holiday,233,3
19316720dfc0486d9be781f24bb3ba07,2006 Unmarked Charger,David_Holiday,41,0
ecd010f4175849e8ae567e66626828be,Sports GT-R 2018,David_Holiday,60,0
49e7454da5f3404ea06d068d47a8958e,Chevy Camaro SS,David_Holiday,349,5
6f2f754c78794734b794237913ba97cc,Lexus RX300,David_Holiday,410,4
c77121406859456f8d70dec32e392975,Dodge Charger-Sheriff,David_Holiday,112,3
2f69495ce4e040878237eb7f46e7029e,Unmarked Dodge Charger,David_Holiday,140,7
d888c9dccbb94a2fbc939b450c728a28,Road Ranger 2019 Police,David_Holiday,241,4
ba006a7538a4445ba73a57e9c8093b86,NYPD Crown Victoria-Highway Patrol,David_Holiday,204,6
f029e2d321ce4686b5490616ac265fab,Dodge Charger 2009- Police,David_Holiday,242,5
ab29b0d3386549ea948568a07fb18d3a,Mitsubishi Lancer Evolution Police Detroit,David_Holiday,1662,44
777537facaa64f8a9808fc989648bc23,Ford F150 2015,David_Holiday,156,2
0fd5b3be535e4cd7818994323166ae64,Mitsubishi Pickup Truck,David_Holiday,276,3
de359a090c5e41c6876ec4e3faef5364,Chevrolet Tahoe 2007-FBI,David_Holiday,186,1
ca35fb231d03429fa67daf98e6ac445b,2013 Chevy Silverado LTZ,David_Holiday,232,3
0811f0d3785243a5ad05bd1b84457273,Mazda-3,David_Holiday,604,11
eea6bce4104f4ce7997317d03b973da2,Corvette C6,David_Holiday,309,2
4f8bca2fbf824e8d88937ed99a461eeb,Dodge Challenger Widebody,David_Holiday,375,10
0bc00c7cd32c4d6da2098fbc2ab1eff0,Lexus GS300,David_Holiday,1013,10
905ff920149b4856b554341c52ef74ea,Toyota Tundra Border Patrol,David_Holiday,130,4
ea1374b36aaf4bf298d2fde9c1fdfdf9,Ford F-150 Offroader,David_Holiday,208,2
e669453ec515472c99a2c9828c9324e2,Toyota GR Supra Widebody,David_Holiday,3226,41
b4c755eab3d54436b7ec8f9d2fa772dc,Kenworth T800 Military-Construction,David_Holiday,262,7
6b5e1ee803a842b9a4a2d1fb4dac7b44,2020 Ford Explorer Police Interceptor,David_Holiday,440,3
f1adb5c9133f4938a9ee03076c2a1e5a,BMW X5,David_Holiday,1259,8
4a4395890a904cb8a1c8deba2cec3d14,Chevy Silverado,David_Holiday,411,3
c666d0ceba424bcdaede488fa8c5b367,Dodge Coronet 1969,David_Holiday,206,5
1c229002b55148e99b144e58e4fd9562,Drift Truck,David_Holiday,122,2
e4e909bda4ea4656b1980786c2e935d6,Ford Escape Hybrid,David_Holiday,854,10
19dcaf51372043718054db776c2e55e4,Chevy Silverado Off-Roader 2001,David_Holiday,362,4
c144a6f7255f426090cf432073e0ae7e,Dodge Charger SRT8 Concept,David_Holiday,482,11
76d7f3373a5548ef86821c95c68fbe55,Ford Crown Victoria,David_Holiday,1541,11
31526c1d4efb454d9bed620dfce1b0e0,DODGE CHALLENGER 383 MAGNUM,David_Holiday,1117,28
62355d6e59954b18b2670719bf09f9bf,Toyota Hilux SRX 2019,David_Holiday,927,18
27cbbecd5160412eb3569e22036b82cb,Dodge Charger SRT,David_Holiday,418,2
010308f940c342ae919abc776dac13e9,2019 porsche taycan,David_Holiday,830,9
368ed00bc67546508a1d18b98b7d8ef6,DeClasse Granger(NPC),David_Holiday,61,4
a31460ab15304653b842b867ca02aea7,Ford Edge,David_Holiday,188,3
143c55f60d4a4669aa7d7e1ce9c68585,1990 Chevy Silverado,David_Holiday,124,4
a860d3dda964454f8fc3c692bfd8cf08,Chevy Silverado 1500 1998 Offroader,David_Holiday,348,5
e9de327611f24ab6894ce087fed4b043,2016 Chevy Suburban LTZ,David_Holiday,581,22
8b5f0ec7f5d747889e0969b926b16539,GMC Yukon SLT,David_Holiday,124,0
b93466e3d7ee4c899c5deed01f442c41,My Range Rover,David_Holiday,126,2
bfb66c2308fb427b81557cb43f4a65f6,Dodge Challenger SRT,David_Holiday,129,3
578e2bfb9c8f415d932527a938e2fc64,Dodge Charger Police NYPD,David_Holiday,3846,97
3cad2f195f194163b391f903916e7581,Bravado Bison,David_Holiday,176,4
365df0fbda074221aeed52a91a3f6d00,2018 Ford F150 Raptor-Stacked,David_Holiday,760,17
6ea3a5efa51e4b8ab72470c6ee475945,GSP Chevy Caprice,David_Holiday,76,1
fd068fff5692490e9ee7a47a18e91af1,Gallivanter Baller,David_Holiday,200,3
1e3be91c28104f6489b42248884327fe,Honda Accord 2008,David_Holiday,864,13
75ad5ae4f5b04ecfb7d299370db4068c,Chevy Camaro ZR1 2009,David_Holiday,264,4
8c3003d1915c4d218472be50acd8fe63,Chevy Caprice-Unmarked,David_Holiday,109,1
31a894c9f1f544fd931b6bb5a0762c7b,Range Rover Sport,David_Holiday,903,22
b1d3d3a8edda4d52ae9019d2150e7bb8,"Toyota Tundra,Sheriff´s Truck",David_Holiday,242,5
9b211d525797457e988c903f67d0b753,2020 BMW X5 M Competition,David_Holiday,2058,21
59141fee48ff4b5f8fbe6101eb7c90da,1969 Dodge Charger RT,David_Holiday,346,2
818ba34d6b5a428491435d76726c8f0a,Cadillac Escalade EXT,David_Holiday,295,5
63515c5e20914d6496d1470ddc366a78,Ford Ranger 2002,David_Holiday,843,6
126c07f527ce42aca6a1f87c1cda8606,Chevy Silverado 2003 Macho Wagon,David_Holiday,68,0
70bc7988612e4ad99e4ddfcd51858589,Ford Mustang 2012 Shelby-Bisexual,David_Holiday,291,8
80626a4a26f94101942b707dc73d42d8,Nissan GTR (Upgraded),David_Holiday,159,1
d17b6ba23d03407c98f2a7f2e407798b,Subaru Impreza STI Unmarked,David_Holiday,404,5
8ea68cca152b4d3ca3b22fed2f58634f,2013 Vapid Interceptor-Unmarked,David_Holiday,159,6
374e85a6e18743429f6d9c0e7bbffb3c,Toyota Land Cruiser J200 2017,David_Holiday,2866,44
d931510a5baf4ea983d327f2648e77f2,BMW M3 GTR Razor,David_Holiday,5364,56
a431aeb168a049f1879d3f1909433612,Massachusetts State Police-2001 Chevy Tahoe,David_Holiday,72,3
910c1550e583419fa6b3ead857f35c57,Tacoma,David_Holiday,478,10
f1e72c71d3dc4faaa4c9b179ec61a5e2,Toyota Fortuner 2016,David_Holiday,491,12
a3ab68741e494d9296df3e9d98d7ff16,Dodge Viper 2010,David_Holiday,855,14
0ca5365832354381bcd7f591731aa6c4,2016 Ford F150,David_Holiday,810,9
fbac7defbfda4f2c9ca02501d3ba64cf,Nissan Skyline,David_Holiday,94,1
278c15b01448495b8484b153962de919,Hummer H3,David_Holiday,2497,51
6d91bda4e8b743558c8125d49d673afe,2012 Ford Taurus-Police,David_Holiday,212,4
2e6359bbe6a041648fb7b455edf46e3c,2013 Dodge Challenger,David_Holiday,173,2
106225386ce347af887d81960d661f0a,Dodge Challenger Demon 2019,David_Holiday,601,14
54fd179cb30a414f81eceeb854343bf3,Lexus GS350 F Sport L10 2013,David_Holiday,282,5
f9ae85ffd35e4873bd9e301afc8b478e,Sterling Bullet,David_Holiday,140,0
f1b5b0c1a6484a6ba3d4af0934c5fe71,Chevy Silverado 2500HD,David_Holiday,244,2
8b1db1daad3f4c1fafd41f9a36511855,Chevy Tahoe-Unmarked,David_Holiday,51,3
e09df64e9afc4135b9d3e3e6ad28fa09,Ford F150-DRIFT,David_Holiday,240,13
558827dd3e25499c96153a813a0d5dc2,GTR Liberty Walk Green 2017,David_Holiday,154,0
d280e7a304cf4fa7872fc227e5bf2aa2,2001 Chevy Suburban-FBI,David_Holiday,169,1
70eeb29506734fdcaede334ded5e7757,Chevy Tahoe-School Project,David_Holiday,85,0
849bc88e6f2741b19193f6b6a49a44ee,GMC Sierra,David_Holiday,109,3
2cc3c9adcfdd498c82fff3d6623d5c32,MSP Crown Vic,David_Holiday,40,0
572e07d7065d45a0aaf5256b9c99938a,Nissan GTR Liberty Black and Gold,David_Holiday,369,5
e3fa8eda5cd648f8b3b2a88189fe3e2f,Police Bentley,David_Holiday,170,4
042d244824e34d9aa770ff59abd18f6d,Rorschach Buffalo- Police,David_Holiday,48,2
b2ff4439edf84d99b413ae5aa8fd46c2,LSPD Police Interceptor,David_Holiday,1082,8
6f9760ab25704d3794a1e259b4d12643,Ram 2020 2500,David_Holiday,629,10
07121d29537c4c70bccd4d02db6a6466,Land Rover Defender,David_Holiday,188,4
57b5432b2e8146f49cc21d2c20643db5,Jeep Grand Cherokee Trackhawk,David_Holiday,706,8
372e50454f3246239a5a1551f839f862,Mitsubishi L200,David_Holiday,875,5
2d34d10d646b407c823397690bbfe0a5,Subaru BRZ 2018,David_Holiday,312,1
2ddf67a348834f58b99594893b7dc011,Ford F250 Super Duty,David_Holiday,207,0
48d65eb7fe5d41b8b5befcf1a41b9cca,Hummer H3 Police,David_Holiday,956,19
e781576566b84ec5b96125ea6e7dfbf7,WCPD Chevy Silverado,David_Holiday,39,3
6e2b493622854e3682152791d2b0fd44,GVPD Dodge Charger,David_Holiday,44,2
26f042fcf1594890a529bfb41f0fae0d,2021 Land Rover Defender 110,David_Holiday,1356,34
8b2f5f02be9f4ee6adcf35db711e287c,Ford F150 Raptor 2013,David_Holiday,805,14
d72654cf2adc4cc29529657ea402dbd6,Ford Focus Police,David_Holiday,62,1
1dcd41676562437c891857b7fca733ab,Ford F250 2018,David_Holiday,137,0
a6e99776c35645c5b11e03a753f7c3e7,Volvo Police Car-British Police,David_Holiday,622,12
eb15941bdbdc4e4098f3b72e30f1ed9d,2013 Omega Intruder,David_Holiday,9,0
88058f0a2053458fb6b85deb794e0f54,Vapid Stanier 2013,David_Holiday,156,4
264d5fe5038c408b87a7d2e62eaf0e35,Ford F150 Raptor 2021,David_Holiday,394,4
75d95d639f9d41e3adef6f74a6f45305,Ford F150-FBI,David_Holiday,223,4
a323885096664b6090f399d73e491092,2011 Chevrolet Caprice,David_Holiday,415,2
9eaeafc13c1342c18e950f7dbefa6292,2009 Lincoln MKS,David_Holiday,148,3
c94f3f61ad484e5f86a4628797cfea52,1980 Chevrolet Caprice-Police,David_Holiday,349,13
40604d4eb4f3454685e66a77e447f23e,2013 Dodge Ram 3500 Single Cab,David_Holiday,249,6
7cbca3756a0c49feb978dbb7437a421d,Dodge Challenger 1970,David_Holiday,56,0
9b951f7723264c0a9daa51785898b08f,F150,David_Holiday,112,0
f0dda72009854a7287c3bbc1580f25d6,Entinity XF,David_Holiday,573,5
d899981a3bc143ffacdadac9816d5681,Dodge Challenger-Regular,David_Holiday,62,4
1881af346be046dfa9221fdce2418e2a,Ford Expedition Unmarked,David_Holiday,109,1
55f93b71956a43329ade06c986970a40,2018 Land Rover Discovery HSE,David_Holiday,248,7
d6d60d1107574e619885b0651a3097cc,Ford F150 2006,David_Holiday,734,10
369da0e270594ce5831658d4a85d9c4c,SHERIFF Crown Victoria-Slicktop,David_Holiday,41,1
f4cc19718bfe489090bd68ef0f460601,Crown Vic,David_Holiday,296,6
44cdbfdb267940eb92bc0d113ef86a7b,Chevy Suburban RCMP Unmarked(Canada),David_Holiday,96,0
1d404926778b410498040ca00ebe6b8f,SCSO Suburban Unmarked,David_Holiday,66,1
50727fb000f64288bf240b4705b18560,Lamborghini Aventador LP700,David_Holiday,198,5
026010fa0e7b4dc2b45654c0c1899f9d,Chrysler 300C-Australian Police,David_Holiday,100,4
abb8d6205e5740918422e5bed03626af,CHP Crown Victoria,David_Holiday,218,4
e19abdf7175f4d52ab17dda6402463dd,Vapid Dominator GTX 720,David_Holiday,365,4
aad70ad7eae3467e99c71ef0c7150138,2019 Honda Accord,David_Holiday,855,13
9d774c8f594e4bed848127114d4266d7,Dodge Charger-Raleigh County Sheriff's Office,David_Holiday,67,4
5acc96d65a374f7280ddbd1c2d5bf12e,Ford F150 Raptor 2021,David_Holiday,797,18
fd67f7bfe86f4060a3057d2ebbfe1a48,HCSO Charger,David_Holiday,112,2
adf1ed0bfdda40c7aa9e38603fb7723a,Chevy Silverado Apocolayse,David_Holiday,214,1
b2c64915bb5a4d32b9902509f8f5ce8a,BMW M3 sedan,David_Holiday,276,1
2fe3e52d805b4ad29bafad439471b6ae,Sedgwick County Police Interceptor,David_Holiday,92,6
a47d2d8c83b44d348329dba8f92d1adc,Ford Explorer ST,David_Holiday,1702,12
c2c1989a395a442a8bded537b6bc7341,Tesla Roadster X 2020,David_Holiday,393,12
3b1f1f7c18b64be69f46a75f9a152da5,Chevy Colorado Z71 4x4 2015,David_Holiday,886,13
509f7dbf94514d1f9b91b188e1084436,BMW Touring British Police Traffic Car,David_Holiday,760,10
e5956757c58146d2a00921aa17b7750f,2019 Toyota Fortuner,David_Holiday,1192,9
a5621c367db344ecb2b802daa8b0d88a,2019 Audi R8 LMS GT3,David_Holiday,743,19
69c61778493344cdbfe497ddaef3e0d5,Vapid Dominator,David_Holiday,266,12
f30f8e6ff60f452ca78e5b09ae4747ed,2012 Dodge Ram Runner,David_Holiday,339,3
6fa6ea819b6144bfa3fe03c7dccf1e54,Range Rover Evoque,David_Holiday,541,12
94942693f32d4d18be0b0fee4ad27d4f,BMW 540 British POLICE,David_Holiday,208,5
8d86cd4cbd8541119071fe3a4fafffad,FSCO Tahoe 2001,David_Holiday,66,1
7dcc4fb472ab4e7eb8ae19ad036e2bf9,Ford Ranger Raptor 2019,David_Holiday,1245,7
1e171bfe615847bab19e99799a7d96d0,Cadillac CTS,David_Holiday,109,3
627343b00fcf4d3b831932578867c032,2007 Ford Mondeo,David_Holiday,354,2
4f0be9e1584847a680910553f9b41599,1990 Chevrolet Silverado,David_Holiday,230,6
426a9231840b4853bd97c0ac9d1db499,Toyota Hilux CHP,David_Holiday,72,0
17fef9881f9c4d5587dec6c06125562e,2005 Chevrolet SIlverado SS,David_Holiday,179,1
67796ac0bfa54c5cbe34dffc9847264d,Lamborghini Aventador LP700,David_Holiday,1628,28
c7515ee1390e406194b756c4b28a8a5b,"Ford Focus, Mazda 3- Police",David_Holiday,105,1
e094e0bec2fb4f699cb89335e2c258d4,Dodge Charger SRT8 Unmarked Impersonator,David_Holiday,258,2
ef020f7591d540adab4c035fdd8e4fc2,Audi RS7,David_Holiday,120,2
3be9ac82a47e4639b7d0698e1697feb9,BMW M3 Sedan 2013,David_Holiday,3552,32
06c811cb16df48429e74456b74514f60,GPD Taurus,David_Holiday,48,1
b2a887e7af0d49b0abc6287b4e619ed1,Chevy Silverado-Bounty Hunter-,David_Holiday,137,1
f7392a34d30f49a49103dbe092510a7f,2005 GMC Sierra,David_Holiday,309,3
f2d0cce3acaa4643bf6a724d16e6feac,Chevy Suburban-FBI,David_Holiday,203,6
d72548ce431c45809418af01ee93c096,Dodge Charger,David_Holiday,293,5
ffca36de655648de8bfc25be5ad72d3c,Charger Interceptor,David_Holiday,187,3
12c1b527bd6345fea8474407ec10739b,Chevy Silverado- Blacked Out,David_Holiday,202,3
4f9a2d0dd6e64bdbb622195c7a6977f7,FPIU Interceptor SHO,David_Holiday,174,1
3642dc4b271b4b71b2f2479ae3f7afba,2015 Suburban Limited,David_Holiday,204,7
15d86ea3b13444229dc8a9d3ca612369,2010 Chevrolet Caprice,David_Holiday,393,6
b9dca0f2257441318ac906b2b4bbbe11,Bravado Buffalo,David_Holiday,55,1
59713723e55f4e2c809c46db27bf825d,Subaru Impreza,David_Holiday,856,11
18476c3a7697462f884d8dc8f124d7a0,2015 BMW M4,David_Holiday,920,10
29e962affe704611ae0ae614fd5a1794,2003 Lincoln Town Car,David_Holiday,513,15
f0d7a34d72e24ea6b8a0e3bff5312df3,Chevy Camaro Super Sport-Unit 39,David_Holiday,281,6
57d48ed177884cca9a4115f72f18886f,Minneapolis Police Chevy Caprice,David_Holiday,40,1
a26a17d7213f4163b731efe224dc8ead,Mitsubishi Lancer Evo IX(Highway Patrol),David_Holiday,1188,13
b26f76e81ccb4d3e9660d23f77a14331,alfa+159+mod,David_Holiday,34,2
9d649decd4da4f16932d5961d5ced24b,Chevy Tahoe-Unmarked,David_Holiday,101,2
a25c6504c82f4851bf9bdcb0989bfb02,Vapid Stanier Police,David_Holiday,90,4
ec3a23f5653d44a68b4b2d5d6c3a582b,2021 Lexus ES350 F Sport,David_Holiday,1258,20
653d089ba9304657ab7f0e3552a8f87b,Bugatti Veyron,David_Holiday,1497,26
08ccb25dce7d4ec080686557676ca382,Dodge Charger Pursuit SCSO,David_Holiday,2267,23
98c7a2da8c72427081fee7f4a800f227,Ford Explorer-Unmarked,David_Holiday,236,4
e3ee1bd33fae46e59a74dadc10e0a110,Mitsubishi Lancer Evolution-United Kingdom,David_Holiday,371,5
5f9d54fec76e4c5bbe4fb6746025dddc,SOMERVELL COUNTY UNIT 2242-Dodge Charger,David_Holiday,54,0
918cf95d53d543c4aa132b780d9d4518,Chevy S10,David_Holiday,107,3
0aa02db02e504fb4b9764fd2a28ab91e,Sheriff Crown Victoria Regular,David_Holiday,46,1
ba1216e61c974d0195143edaaab274fd,2015 Toyota 4Runner,David_Holiday,220,8
7e93cc22b96a4788897a513374ef4486,1965 Ford Mustang,David_Holiday,7102,106
5c41a307c6fb4502b5c082de662818b3,Ford F450 Super Duty,David_Holiday,793,10
a8880063a17548db8c3446a3bc04c590,Dodge Charger,David_Holiday,244,6
5b4443c246b34b79bb2504c4c4a87f1a,2021 Isuzu D-Max,David_Holiday,1699,12
605ec596d44c4f88bd9b088c60250e37,Nissan GTR 2016,David_Holiday,430,8
ddbb8fd66a264e67b3e31a8641e0adcd,POLICE CHEVY CAPRICE,David_Holiday,124,7
ce2d0898a50b4320822cc5bdb12d3f64,Mercedes-Benz G-Wagon,David_Holiday,433,0
bc35d532c60e4f5bace73a8932fa8fb6,BMW M3,David_Holiday,384,1
79ebd5caaf414ab08debc36157dbc878,2015 Ford F150 King Ranch Edition,David_Holiday,2427,41
a0faa0f4de6d4830b3d2ef34442abae4,2019 Chevy Silverado,David_Holiday,811,10
f8f0874162854a18811c81a3c4fdf4ac,Chevy Tahoe,David_Holiday,157,5
1c0a3337705545cb87b65478110a2714,2013 Chevy,David_Holiday,70,0
8b389d99a7da4e3499f0f84c2123b6d0,D.C. Metro Police Chevy Tahoe,David_Holiday,166,8
fb6d1d75fdda4e52b2bcd5201f945302,GMC Sierra 2003,David_Holiday,141,2
18c081f765854d249bb8dc580a1e9f7c,Nissan 350z,David_Holiday,1123,11
30adf954ad364a5aa95fe48eb4be3f9d,Lamborghini Urus 2018,David_Holiday,357,7
bb46f193682645f9bc714cafadba5dad,Dodge Dakota,David_Holiday,271,4
9e189aaba95f4885a529eff601f5f602,2014 Ford Explorer(FPIU),David_Holiday,413,5
88a596cf876c4175a59a3323510d49f0,2015+tahoe+police+package,David_Holiday,351,9
123c10f376ec4f18b93c73afc382808b,Tesla Model 3,David_Holiday,473,9
7e874c1e6d474777bd4562d187d93aa9,FADE/SWAT SUV,David_Holiday,279,3
ee0c1487492744eaa768824357daf3ab,Dodge Charger-Police,David_Holiday,74,1
b01950cf99aa48c1ba2ebd0addc8a9d4,Chevrolet Suburban 2015-Unmarked,David_Holiday,354,3
c0db7dbf8cd04d5d9757956f9b31ea97,Dodge Challenger SRT Demon,David_Holiday,507,9
9d5567162cc44e70a3b6cb7279e09d1e,Toyota Supra 1997,David_Holiday,3460,26
ed0064085b74437f8bbabf3c884640f8,Bravado Buffalo-LSPD,David_Holiday,125,5
9771acfbc2dd45f6b8740f7d81b709de,2011+ Ford+ Explorer+V2,David_Holiday,332,10
aaeb0e31501e4f6d8724b6065f7a62be,Unmarked 2009 Chevy Tahoe,David_Holiday,273,5
274bf0130e5e497990719d44c498ba00,NYPD Cobalt,David_Holiday,83,1
a518bf08e1374801b9c4bf97bb5c606f,Dodge Charger 2015,David_Holiday,237,2
2451b5bf0e2840a6a9abce02ca579294,Shelby Mustang GT500,David_Holiday,459,8
0b3ed14127224411bb1c7be793ccfba6,Police Corvette,David_Holiday,181,5
3ea106994ec9442eb4b72906026fa215,Jaguar I-pace Concept,David_Holiday,291,16
739e91e06d4d4aa791c157bfdd34aa25,1985 Chevy Silverado,David_Holiday,940,21
12bb4e317c9148c8a5cf216d6aa0afe2,Unmarked Charger SRT8,David_Holiday,52,2
083975e2113d4e2fa45e5cf0f0250fa0,Montreal Police Chevy Suburban,David_Holiday,45,0
1f879c34f81b467ab9afd5ecb9b1253d,Toyota Tundra 2017,David_Holiday,1219,22
07c302e35be64fd5acd20d0e06f5b26a,Volkswagen Touareg,David_Holiday,293,1
a002492dce1b40b797034a6c160cc297,Dodge Durango,David_Holiday,127,3
e2845188a708499fb44a8e5918bbbdd6,Audi TT Unmarked Unit,David_Holiday,94,0
